{"cameraMode":{"drawMode":0,"name":"Shaded","section":"Shading Mode"},"sceneLighting":true,"audioPlay":false,"sceneViewState":{"showFog":true,"showMaterialUpdate":false,"showSkybox":true,"showFlares":true,"showImageEffects":true,"showParticleSystems":true,"showVisualEffectGraphs":true,"m_FxEnabled":true},"in2DMode":false,"pivot":{"x":0.08274388313293457,"y":-5.609462261199951,"z":57.09588623046875},"rotation":{"x":0.14466208219528199,"y":-0.6784736514091492,"z":0.13887344300746919,"w":0.7067315578460693},"size":1.5928142070770264,"orthographic":false}